<?xml version="1.0" encoding="UTF-8"?>
<project-private xmlns="http://www.netbeans.org/ns/project-private/1">
    <editor-bookmarks xmlns="http://www.netbeans.org/ns/editor-bookmarks/2" lastBookmarkId="0"/>
    <open-files xmlns="http://www.netbeans.org/ns/projectui-open-files/2">
        <group>
            <file>file:/D:/Meus%20Documentos/Documents/NetBeansProjects/DesumildesStore/src/desumildesstore/Cliente.java</file>
            <file>file:/D:/Meus%20Documentos/Documents/NetBeansProjects/DesumildesStore/src/desumildesstore/Actions.java</file>
            <file>file:/D:/Meus%20Documentos/Documents/NetBeansProjects/DesumildesStore/src/desumildesstore/JanelaCompra.java</file>
            <file>file:/D:/Meus%20Documentos/Documents/NetBeansProjects/DesumildesStore/src/desumildesstore/DesumildesStore.java</file>
            <file>file:/D:/Meus%20Documentos/Documents/NetBeansProjects/DesumildesStore/src/desumildesstore/JanelaComputador.java</file>
            <file>file:/D:/Meus%20Documentos/Documents/NetBeansProjects/DesumildesStore/src/desumildesstore/Produto.java</file>
            <file>file:/D:/Meus%20Documentos/Documents/NetBeansProjects/DesumildesStore/src/desumildesstore/JanelaCadastro.java</file>
            <file>file:/D:/Meus%20Documentos/Documents/NetBeansProjects/DesumildesStore/src/desumildesstore/Computador.java</file>
        </group>
    </open-files>
</project-private>
